Mercedes-Benz ,G-Class ,III (W463) 2018 – now ,
Mercedes-Benz ,GLC ,I (X253) Restyling 2019 – now ,
Mercedes-Benz ,GLE ,II (V167) 2018 – now ,
Mercedes-Benz ,GLE Coupe ,II (C167) 2019 – now ,
Mercedes-Benz ,G-Class AMG ,II (W463) 2018 – now ,
Mitsubishi ,Outlander ,III Restyling 3 2018 – now ,
Audi ,Q7 ,II (4M) Restyling 2019 – now ,
Volkswagen ,Multivan ,T6 Restyling 2019 – now ,
Jaguar ,F-Pace ,I 2016 – now ,
Volkswagen ,Caravelle ,T6 Restyling 2019 – now ,
Nissan ,Qashqai ,II Restyling 2017 – now ,
Audi ,A4 ,V (B9) Restyling 2019 – now ,
Nissan ,X-Trail ,III Restyling 2017 – now ,
Infiniti ,QX60 ,I Restyling 2016 – now ,
Infiniti ,QX50 ,II 2017 – now ,
Skoda ,Karoq ,I 2017 – now ,
Haval ,F7 ,i 2019 – now ,
Mercedes-Benz ,E-Class ,"V (W213, S213, C238) Restyling 2020 – now ",
Volkswagen ,Amarok ,I Restyling 2016 – now ,
Mercedes-Benz ,CLA ,"II (C118, X118) 2019 – now ",
Audi ,Q5 ,II (FY) 2017 – now ,
Mercedes-Benz ,V-Class ,II 2014 – now ,
Mercedes-Benz ,C-Class ,IV (W205) Restyling 2018 – now ,
Audi ,A6 ,V (C8) 2018 – now ,
Mercedes-Benz ,Maybach S-Class ,I (X222) Restyling 2017 – now ,
Mercedes-Benz ,GLA ,II (H247) 2020 – now ,
Mitsubishi ,ASX ,I Restyling 2 2016 – now ,
Mercedes-Benz ,GLC Coupe ,I (C253) Restyling 2019 – now ,
Mitsubishi ,Pajero Sport ,III 2015 – now ,
Nissan ,Terrano ,III (D10) 2014 – now ,
Renault ,Duster ,I Restyling 2015 – now ,
LADA (VAZ) ,Vesta ,I 2015 – now ,
LADA (VAZ) ,Granta ,I Restyling 2018 – now ,
Skoda ,Rapid ,II 2020 – now ,
Jeep ,Wrangler ,IV (JL) 2017 – now ,
Volvo ,XC90 ,II Restyling 2019 – now ,
Mercedes-Benz ,E-Class AMG ,V (W213) Restyling 2020 – now ,
Volvo ,XC40 ,I 2017 – now ,
Mercedes-Benz ,GLE AMG ,II (V167) 2019 – now ,
Jeep ,Grand Cherokee ,IV (WK2) Restyling 2013 – now ,
Volvo ,XC60 ,II 2017 – now ,
BMW ,X6 ,III (G06) 2019 – now ,
Jaguar ,E-Pace ,I 2017 – now ,
Mitsubishi ,Eclipse Cross ,2017 – now ,
Audi ,Q3 ,II (F3) 2018 – now ,
Toyota ,RAV4 ,V (XA50) 2018 – now ,
Mercedes-Benz ,AMG GT ,I Restyling 2017 – now ,
Toyota ,Camry ,VIII (XV70) 2017 – now ,
Audi ,Q3 Sportback ,I (F3) 2019 – now ,
Renault ,Sandero ,II Restyling 2018 – now ,
Volvo ,S60 ,III 2018 – now ,
BMW ,X1 ,II (F48) Restyling 2019 – now ,
Land Rover ,Range Rover ,IV Restyling 2017 – now ,
Haval ,F7x ,I 2019 – now ,
Volvo ,V60 Cross Country ,II 2018 – now ,
Mercedes-Benz ,C-Class AMG ,IV (W205) Restyling 2018 – now ,
Skoda ,Rapid ,I Restyling 2017 – now ,
Mercedes-Benz ,A-Class AMG ,II (W177) 2019 – now ,
MINI ,Hatch ,III (F55/F56) Restyling 2018 – now ,
Mercedes-Benz ,GLE Coupe AMG ,II (C167) 2019 – now ,
BMW ,7 series ,VI (G11/G12) Restyling 2019 – now ,
Hyundai ,Sonata ,VIII (DN8) 2019 – now ,
Hyundai ,Solaris ,II Restyling 2020 – now ,
BMW ,X3 ,III (G01) 2017 – now ,
BMW ,X5 ,IV (G05) 2018 – now ,
BMW ,X2 ,I (F39) 2017 – now ,
BMW ,3 series ,VII (G2x) 2018 – now ,
Audi ,A8 ,IV (D5) 2017 – now ,
BMW ,2 series ,F44 2019 – now ,
Audi ,SQ7 ,I (4M) Restyling 2019 – now ,
BMW ,8 series ,II (G14/G15/G16) 2018 – now ,
YAZ ,Patriot ,I Restyling 3 2016 – now ,
Mercedes-Benz ,GLS AMG ,II (X167) 2020 – now ,
BMW ,X6 M ,III (F96) 2019 – now ,
Land Rover ,Range Rover Velar ,I 2017 – now ,
Hyundai ,Tucson ,III Restyling 2018 – now ,
Land Rover ,Range Rover Evoque ,II 2018 – now ,
Suzuki ,Vitara ,II Restyling 2018 – now ,
Suzuki ,Jimny ,IV 2018 – now ,
Citroen ,C4 ,II Restyling 2015 – now ,
Land Rover ,Discovery ,V 2016 – now ,
Citroen ,SpaceTourer ,I 2016 – now ,
Renault ,Arkana ,I 2019 – now ,
Land Rover ,Range Rover Sport ,II Restyling 2017 – now ,
Volkswagen ,Polo ,VI 2020 – now ,
Skoda ,Octavia ,IV (A8) 2019 – now ,
Renault ,Logan ,II Restyling 2018 – now ,
Skoda ,Octavia ,III (A7) Restyling 2017 – now ,
Volkswagen ,Passat ,B8 Restyling 2019 – now ,
BMW ,M8 ,I (F91/F92/F93) 2019 – now ,
Volkswagen ,Tiguan ,II 2016 – now ,
BMW ,X5 M ,III (F95) 2019 – now ,
BMW ,X7 ,I (G07) 2018 – now ,
Haval ,H9 ,I Restyling 2017 – now ,
Suzuki ,SX4 ,II (S-Cross) Restyling 2016 – now ,
Citroen ,C5 Aircross ,I 2018 – now ,
Peugeot ,Traveller ,I 2016 – now ,
Peugeot ,408,I Restyling 2017 – now ,
Peugeot ,3008,II 2016 – now ,
Mercedes-Benz ,A-Class ,IV (W177) 2018 – now ,
Citroen ,C3 Aircross ,2017 – now ,
LADA (VAZ) ,XRAY ,I 2015 – now ,
Changan ,CS35PLUS ,2018 – now ,
Audi ,A7 ,II (4K) 2018 – now ,
Volkswagen ,Touareg ,III 2018 – now ,
Mercedes-Benz ,GLB ,I (X247) 2019 – now ,
Infiniti ,Q60 ,II 2016 – now ,
Volvo ,V90 Cross Country ,I 2016 – now ,
Mercedes-Benz ,CLS ,III (C257) 2017 – now ,
Chevrolet ,Cobalt ,II Restyling 2020 – now ,
Jeep ,Compass ,II 2017 – now ,
BMW ,X4 ,II (G02) 2018 – now ,
Volkswagen ,Caddy ,IV 2015 – now ,
BMW ,Z4 ,III (G29) 2018 – now ,
Chevrolet ,Nexia ,I 2020 – now ,
Volkswagen ,Jetta ,VII 2018 – now ,
Bentley ,Continental GT ,I 2003 – 2011 ,
Cadillac ,Escalade ,III 2006 – 2014 ,
LADA (VAZ) ,1111 Ока ,1987 – 2008 ,
Lamborghini ,Huracán ,2014 – now ,
BMW ,M5 ,VI (F90) 2017 – now ,
BMW ,M5 ,VI (F90) Restyling 2020 – now ,
Mercedes-Benz ,GL-Class ,I (X164) Restyling 2009 – 2012 ,
Kia ,Stinger ,I 2017 – now ,
LADA (VAZ) ,2110,1995 – 2014 ,
Toyota ,Sequoia ,II 2008 – 2017 ,
BMW ,i8 ,I 2014 – 2017 ,
Volkswagen ,Golf R ,VII 2013 – 2017 ,
Toyota ,FJ Cruiser ,2006 – now ,
Rolls-Royce ,Wraith ,2013 – now ,
Bentley ,Continental GT ,II 2011 – 2015 ,
Hyundai ,H-1 ,II Restyling 2015 – 2018 ,
Suzuki ,Jimny ,III Restyling 1 2005 – 2012 ,
Cadillac ,Escalade ,IV 2014 – now ,
Lexus ,ES ,VII 2018 – now ,
Toyota ,Land Cruiser ,200 Series Restyling 2 2015 – now ,
Subaru ,Forester ,IV 2012 – 2015 ,
Mercedes-Benz ,GLE Coupe ,I (C292) 2015 – 2019 ,
Mercedes-Benz ,GL-Class ,II (X166) 2012 – 2016 ,
Chevrolet ,Express ,II 2002 – now ,
Dodge ,Charger ,VI (LD) Restyling 2014 – now ,
Porsche ,Cayenne Coupe ,I 2019 – now ,
Volkswagen ,Multivan ,T5 2003 – 2009 ,
Dodge ,Challenger ,III Restyling 2 2014 – now ,
Porsche ,Panamera ,II 2016 – now ,
Mercedes-Benz ,G-Class AMG ,I (W463) Restyling 2008 – 2012 ,
BMW ,7 series ,VI (G11/G12) 2015 – 2019 ,
Nissan ,Patrol ,VI (Y62) Restyling 2014 – now ,
Infiniti ,QX56 ,II 2010 – 2013 ,
Lexus ,IS ,III 2013 – 2016 ,
Genesis ,G80 ,I 2016 – now ,
Honda ,CR-V ,I Restyling 1999 – 2001 ,
Audi ,80,V (B4) 1991 – 1996 ,
BMW ,X6 ,II (F16) 2014 – now ,
Skoda ,Superb ,II Restyling 2013 – 2015 ,
Land Rover ,Discovery ,IV 2009 – 2013 ,
Volkswagen ,Touareg ,II 2010 – 2014 ,
Land Rover ,Discovery ,III 2004 – 2009 ,
Toyota ,Camry ,VII (XV50) 2011 – 2014 ,
Hyundai ,Creta ,I 2016 – now ,
BMW ,7 series ,V (F01/F02/F04) 2008 – 2012 ,
Dodge ,Caravan ,V 2007 – now ,
Volvo ,XC70 ,II Restyling 2013 – 2016 ,
Lincoln ,Navigator ,IV 2017 – now ,
Land Rover ,Freelander ,II Restyling 2 2012 – 2014 ,
Land Rover ,Range Rover Sport ,II 2013 – 2017 ,
Skoda ,Superb ,II 2008 – 2013 ,
Bentley ,Bentayga ,I 2015 – now ,
BMW ,X1 ,I (E84) Restyling 2012 – 2015 ,
Skoda ,Rapid ,I 2012 – 2017 ,
Mercedes-Benz ,GLC Coupe ,I (C253) 2016 – 2019 ,
BMW ,5 series ,VI (F10/F11/F07) Restyling 2013 – 2017 ,
Skoda ,Octavia ,III (A7) 2013 – 2017 ,
Mazda ,CX-5 ,II 2017 – now ,
BMW ,X5 M ,II (F85) 2014 – 2018 ,
LADA (VAZ) ,2114,2001 – 2013 ,
BMW ,4 series ,F32/F33/F36 Restyling 2017 – now ,
Audi ,A3 ,II (8P) Restyling 2 2008 – 2013 ,
Mercedes-Benz ,GLA ,I (X156) Restyling 2017 – now ,
Chevrolet ,Tahoe ,IV 2014 – now ,
BMW ,X5 ,III (F15) 2013 – 2018 ,
Dodge ,RAM ,IV (DS/DJ) 2008 – 2019 ,
Renault ,Duster ,I 2010 – 2015 ,
Ford ,Mondeo ,IV 2006 – 2010 ,
Lexus ,LX ,III Restyling 2 2015 – now ,
Land Rover ,Range Rover ,III Restyling 2005 – 2009 ,
Kia ,Rio ,II Restyling 2009 – 2011 ,
Mercedes-Benz ,GLE ,I (W166) 2015 – 2018 ,
Honda ,Civic ,VIII 2005 – 2008 ,
Volkswagen ,Passat CC ,I 2008 – 2012 ,
Kia ,Sorento ,II 2009 – 2012 ,
Mercedes-Benz ,C-Class ,IV (W205) 2014 – 2018 ,
Honda ,CR-V ,V 2016 – now ,
Nissan ,X-Trail ,III 2013 – 2019 ,
Mitsubishi ,Pajero Sport ,I Restyling 2004 – 2008 ,
Nissan ,Patrol ,V (Y61) Restyling 2004 – now ,
Mercedes-Benz ,G-Class ,II (W463) 1990 – 2006 ,
Kia ,Carnival ,IV 2020 – now ,
Toyota ,RAV4 ,IV (CA40) Restyling 2015 – 2019 ,
Suzuki ,Vitara ,II 2014 – 2019 ,
Toyota ,Land Cruiser ,200 Series 2007 – 2012 ,
Mercedes-Benz ,M-Class ,II (W164) 2005 – 2008 ,
BMW ,X3 ,II (F25) Restyling 2014 – 2017 ,
Geely ,Coolray ,I 2020 – now ,
Peugeot ,308,II 2013 – 2017 ,
Lexus ,GX ,I 2002 – 2009 ,
BMW ,X5 ,II (E70) Restyling 2010 – 2013 ,
Haval ,H6 ,2014 – now ,
Mitsubishi ,Montero ,III 1999 – 2006 ,
Audi ,A7 ,I (4G) 2010 – 2014 ,
Mercedes-Benz ,C-Class AMG ,IV (W205) 2014 – 2018 ,
Volkswagen ,Amarok ,I 2010 – 2016 ,
Hyundai ,Grand Starex ,I Restyling 2 2017 – now ,
Mercedes-Benz ,GLA ,I (X156) 2013 – 2017 ,
LADA (VAZ) ,2121 (4x4) ,I Restyling 1993 – now ,
Infiniti ,QX80 ,I 2013 – 2014 ,
Mercedes-Benz ,GLK-Class ,I (X204) Restyling 2012 – 2015 ,
Volkswagen ,Touareg ,II Restyling 2014 – 2018 ,
Nissan ,Murano ,I (Z50) 2002 – 2008 ,
Jeep ,Grand Cherokee ,IV (WK2) 2010 – 2013 ,
Chevrolet ,Captiva ,I 2006 – 2011 ,
Land Rover ,Range Rover Sport ,I Restyling 2009 – 2013 ,
Hyundai ,Santa Fe ,II Restyling 2009 – 2012 ,
Honda ,CR-V ,IV 2012 – 2015 ,
Toyota ,Highlander ,II (U40) Restyling 2010 – 2013 ,
Citroen ,C4 Aircross ,2012 – 2017 ,
Nissan ,Qashqai ,II 2013 – 2019 ,
Nissan ,Qashqai ,I Restyling 2010 – 2013 ,
BMW ,X1 ,II (F48) 2015 – 2019 ,
Mercedes-Benz ,S-Class AMG ,"III (W222, C217) Restyling 2017 – now ",
Kia ,Optima ,IV Restyling 2018 – now ,
Volkswagen ,Touareg ,I Restyling 2006 – 2010 ,
Porsche ,Macan ,I 2014 – 2018 ,
Jeep ,Cherokee ,V (KL) 2013 – 2018 ,
Mercedes-Benz ,G-Class ,II (W463) Restyling 4 2015 – 2018 ,
Chevrolet ,Epica ,I Restyling 2009 – 2012 ,
Nissan ,Pathfinder ,III 2004 – 2010 ,
BMW ,X6 ,I (E71) Restyling 2012 – 2014 ,
Mercedes-Benz ,GLS ,I (X166) 2015 – 2019 ,
Volkswagen ,Caddy ,III Restyling 2010 – 2015 ,
BMW ,7 series ,V (F01/F02/F04) Restyling 2012 – 2015 ,
Ford ,Edge ,I Restyling 2010 – 2014 ,
Kia ,Carnival ,III 2014 – now ,
Mercedes-Benz ,S-Class ,V (W221) 2005 – 2009 ,
Audi ,A6 ,III (C6) 2004 – 2008 ,
Land Rover ,Range Rover ,III Restyling 2 2009 – 2012 ,
Volvo ,S60 ,I Restyling 2004 – 2009 ,
Kia ,Sorento ,IV 2020 – now ,
Honda ,Civic ,VIII Restyling 2008 – 2011 ,
Mercedes-Benz ,E-Class AMG ,V (W213) 2016 – now ,
Dodge ,Caliber ,I 2006 – 2009 ,
Volkswagen ,Passat ,B5 Restyling 2000 – 2005 ,
Porsche ,Cayenne ,II (958) 2010 – 2014 ,
Chevrolet ,Captiva ,I Restyling 2 2013 – 2016 ,
Mercedes-Benz ,S-Class AMG ,"III (W222, C217) 2013 – 2017 ",
Opel ,Corsa ,D 2006 – 2010 ,
Hyundai ,Santa Fe ,III Restyling 2015 – 2018 ,
Kia ,Sorento ,III Prime 2014 – 2017 ,
Geely ,Atlas ,I 2016 – now ,
Opel ,Astra ,H Restyling 2006 – 2014 ,
Audi ,A6 ,IV (C7) 2011 – 2014 ,
Jeep ,Compass ,I Restyling 2010 – 2013 ,
Smart ,Forfour ,II 2014 – now ,
Ford ,Kuga ,II 2012 – 2016 ,
Opel ,Zafira ,C 2011 – 2016 ,
LADA (VAZ) ,2111,1997 – 2009 ,
Mercedes-Benz ,S-Class ,IV (W220) Restyling 2002 – 2005 ,
Kia ,Cerato ,III Restyling (Classic) 2016 – now ,
BMW ,5 series ,V (E60/E61) 2002 – 2007 ,
Hyundai ,Elantra ,V (MD) Restyling 2013 – 2016 ,
Land Rover ,Freelander ,II Restyling 2010 – 2012 ,
Mitsubishi ,Outlander ,II Restyling 2009 – 2013 ,
Volkswagen ,Tiguan ,I 2007 – 2011 ,
BMW ,X5 M ,I (E70) 2009 – 2013 ,
Lexus ,RX ,III 2008 – 2012 ,
Changan ,CS35 ,2013 – now ,
Mitsubishi ,Lancer ,X 2007 – 2010 ,
Renault ,Fluence ,I 2009 – 2013 ,
Subaru ,Forester ,I Restyling 2000 – 2002 ,
Volkswagen ,Golf ,VII 2012 – 2017 ,
Geely ,Emgrand X7 ,I Restyling 2 2018 – now ,
Lexus ,IS ,II 2005 – 2008 ,
Ford ,Explorer ,V 2010 – 2015 ,
Volkswagen ,Touran ,II 2010 – 2015 ,
Chevrolet ,Cruze ,I 2009 – 2012 ,
Volkswagen ,Jetta ,VI 2010 – 2015 ,
Volkswagen ,Caravelle ,T5 2003 – 2009 ,
Land Rover ,Discovery Sport ,I 2014 – 2019 ,
Audi ,Q5 ,I (8R) 2008 – 2012 ,
AC ,Cobra ,Mk V 1999 – 2007 ,
Opel ,Insignia ,I 2008 – 2013 ,
Mercedes-Benz ,M-Class AMG ,II (W164) Restyling 2008 – 2011 ,
Land Rover ,Range Rover ,IV 2012 – 2017 ,
Renault ,Megane ,III Restyling 2012 – 2014 ,
Mercedes-Benz ,CLA ,"I (C117, X117) 2013 – 2016 ",
Nissan ,X-Trail ,II Restyling 2010 – 2015 ,
LADA (VAZ) ,2106,1976 – 2006 ,
Nissan ,Murano ,II (Z51) Restyling 2010 – 2012 ,
Infiniti ,EX ,I (J50) 2007 – 2013 ,
Toyota ,Land Cruiser ,200 Series Restyling 1 2012 – 2015 ,
Chery ,Tiggo (T11) ,I 2005 – 2013 ,
Audi ,A6 ,IV (C7) Restyling 2014 – 2018 ,
Kia ,Sorento ,I 2002 – 2006 ,
Mercedes-Benz ,C-Class ,III (W204) 2006 – 2011 ,
Jeep ,Grand Cherokee ,III (WK) 2004 – 2010 ,
Mercedes-Benz ,C-Class ,III (W204) Restyling 2011 – 2015 ,
Peugeot ,308,I Restyling 2011 – 2015 ,
Mazda ,CX-5 ,I Restyling 2015 – 2017 ,
Volvo ,S80 ,II Restyling 2009 – 2013 ,
BMW ,5 series ,VI (F10/F11/F07) 2009 – 2013 ,
Hyundai ,Tucson ,I 2004 – 2010 ,
Kia ,Cerato ,III 2013 – 2016 ,
Tesla ,Model S ,I Restyling 2016 – now ,
Skoda ,Superb ,III 2015 – 2019 ,
Mercedes-Benz ,CL-Class AMG ,II (C216) Restyling 2010 – 2014 ,
YAZ ,Patriot ,I Restyling 2 2014 – 2016 ,
Ford ,S-MAX ,I 2006 – 2010 ,
Toyota ,Camry ,VI (XV40) 2006 – 2009 ,
Nissan ,Juke ,I 2010 – 2014 ,
Toyota ,Verso ,I Restyling 2012 – 2018 ,
BMW ,X4 ,I (F26) 2014 – 2018 ,
LADA (VAZ) ,Largus ,I 2012 – now ,
Renault ,Megane ,II 2002 – 2006 ,
Mercedes-Benz ,E-Class ,"IV (W212, S212, C207) Restyling 2013 – 2016 ",
BMW ,3 series ,V (E90/E91/E92/E93) Restyling 2008 – 2013 ,
Hyundai ,ix35 ,I 2010 – 2013 ,
Volkswagen ,Touareg ,I 2002 – 2007 ,
Mercedes-Benz ,M-Class ,II (W164) Restyling 2008 – 2011 ,
Toyota ,Avensis ,II Restyling 2006 – 2009 ,
Mercedes-Benz ,CLS ,II (C218) Restyling 2014 – 2017 ,
Volkswagen ,Passat ,B7 2011 – 2015 ,
Lexus ,NX ,I Restyling 2017 – now ,
Mazda ,6,I (GG) 2002 – 2005 ,
Hyundai ,Solaris ,I Restyling 2014 – 2017 ,
MINI ,Countryman ,II 2016 – now ,
Honda ,Jazz ,I Restyling 2005 – 2008 ,
Hyundai ,i40 ,I 2011 – 2015 ,
Mitsubishi ,L200 ,IV 2006 – 2014 ,
Honda ,Accord ,VII Restyling 2005 – 2008 ,
Kia ,Rio ,IV Restyling 2020 – now ,
Mazda ,CX-9 ,I Restyling 2012 – 2016 ,
Mitsubishi ,Outlander ,III Restyling 2 2015 – 2018 ,
Audi ,Q3 ,I (8U) 2011 – 2014 ,
YAZ ,Patriot ,I Restyling 2012 – 2014 ,
Volkswagen ,Passat ,B6 2005 – 2010 ,
Audi ,A4 ,IV (B8) 2007 – 2011 ,
Mitsubishi ,Lancer ,X Restyling 2011 – 2015 ,
Skoda ,Fabia ,II 2007 – 2010 ,
Kia ,Cerato ,IV 2018 – now ,
Ford ,Mustang ,VI 2014 – 2017 ,
Citroen ,C3 Picasso ,I 2009 – 2012 ,
Kia ,Ceed ,I Restyling 2010 – 2012 ,
Mercedes-Benz ,Viano ,I (W639) Restyling 2010 – 2014 ,
Mercedes-Benz ,CL-Class ,III (C216) Restyling 2010 – 2014 ,
Ford ,Fiesta ,Mk6 2008 – 2013 ,
TagAZ ,Tager ,2008 – 2012 ,
Kia ,Mohave ,I 2008 – 2016 ,
BMW ,X6 ,I (E71) 2007 – 2012 ,
Infiniti ,M ,III Restyling 2008 – 2010 ,
LADA (VAZ) ,2104,1984 – 2012 ,
Hyundai ,Solaris ,II 2017 – now ,
Chevrolet ,Lacetti ,2004 – 2013 ,
Mercedes-Benz ,CL-Class AMG ,II (C216) 2006 – 2010 ,
Toyota ,Camry ,VII (XV50) Restyling 2014 – 2017 ,
Mitsubishi ,Pajero Sport ,II 2008 – 2013 ,
Lexus ,LS ,IV 2006 – 2009 ,
Audi ,Q7 ,I (4L) Restyling 2009 – 2015 ,
Mazda ,3,II (BL) Restyling 2011 – 2013 ,
Opel ,Zafira ,B Restyling 2008 – 2014 ,
Ford ,Mondeo ,IV Restyling 2010 – 2014 ,
Mazda ,6,III (GJ) 2012 – 2015 ,
Mercedes-Benz ,GLE Coupe AMG ,I (C292) 2015 – 2019 ,
Skoda ,Yeti ,I 2009 – 2014 ,
Peugeot ,406,I Restyling 1999 – 2005 ,
Kia ,Ceed ,III 2018 – now ,
Volkswagen ,Jetta ,V 2005 – 2011 ,
Citroen ,C4 Picasso ,I 2006 – 2013 ,
Subaru ,Legacy ,IV 2003 – 2006 ,
Suzuki ,SX4 ,I (Classic) 2006 – 2009 ,
Land Rover ,Range Rover Evoque ,I Restyling 2015 – 2018 ,
Honda ,Crosstour ,I 2009 – 2012 ,
Kia ,Sportage ,IV Restyling 2018 – now ,
Dodge ,Dart ,2012 – 2016 ,
Volkswagen ,Sharan ,I 1995 – 2000 ,
MINI ,Hatch ,II (R56) Restyling 2010 – 2013 ,
Mercedes-Benz ,S-Class ,V (W221) Restyling 2009 – 2013 ,
Ford ,Mustang ,V Restyling 2009 – 2014 ,
Bentley ,Continental Flying Spur ,2005 – 2012 ,
Ford ,Fiesta ,Mk5 2002 – 2008 ,
Land Rover ,Freelander ,II 2006 – 2010 ,
Mitsubishi ,Lancer ,IX Restyling 2005 – 2010 ,
Skoda ,Octavia RS ,III 2013 – 2017 ,
Toyota ,Corolla ,"X (E140, E150) 2006 – 2012 ",
Volkswagen ,Golf ,VI 2008 – 2012 ,
Mercedes-Benz ,C-Class ,II (W203) 2000 – 2004 ,
Skoda ,Octavia RS ,II Restyling 2008 – 2013 ,
Audi ,S8 ,III (D4) Restyling 2013 – 2017 ,
Mazda ,3,II (BL) 2008 – 2011 ,
Toyota ,RAV4 ,III (XA30) 2005 – 2010 ,
TagAZ ,Road Partner ,2008 – 2011 ,
Ford ,Fiesta ,Mk6 Restyling 2012 – 2019 ,
Skoda ,Octavia ,II (A5) Restyling 2008 – 2013 ,
Kia ,Ceed ,II 2012 – 2015 ,
Lexus ,NX ,I 2014 – 2017 ,
Chevrolet ,Cruze ,I Restyling 2012 – 2015 ,
Dodge ,Avenger ,II 2007 – 2010 ,
Kia ,Sorento ,II Restyling 2012 – now ,
Toyota ,RAV4 ,III (XA30) Restyling 2010 – 2014 ,
Toyota ,Highlander ,III (U50) Restyling 2016 – 2019 ,
Subaru ,Outback ,III 2003 – 2006 ,
Opel ,Vectra ,C Restyling 2005 – 2008 ,
Mercedes-Benz ,Maybach S-Class ,I (X222) 2014 – 2017 ,
Cadillac ,SRX ,II 2009 – 2012 ,
Citroen ,C4 ,II 2010 – 2016 ,
Mazda ,6,II (GH) 2007 – 2009 ,
Land Rover ,Range Rover Sport ,I 2005 – 2009 ,
Citroen ,DS4 ,2011 – 2015 ,
Hyundai ,Accent ,II 1999 – 2012 ,
Great Wall ,Hover H5 ,2010 – 2017 ,
BMW ,3 series ,VI (F3x) Restyling 2015 – now ,
Honda ,Accord ,X 2017 – now ,
Kia ,Optima ,III Restyling 2013 – 2015 ,
LADA (VAZ) ,Kalina ,I 2004 – 2013 ,
Porsche ,Cayenne ,III 2017 – now ,
Mercedes-Benz ,E-Class ,"IV (W212, S212, C207) 2009 – 2013 ",
Renault ,Megane ,II Restyling 2006 – 2009 ,
Lexus ,RX ,III Restyling 2012 – 2015 ,
Hyundai ,H-1 ,II 2007 – 2015 ,
Opel ,Antara ,I Restyling 2010 – 2017 ,
Chevrolet ,Lanos ,I 2002 – 2009 ,
Kia ,Rio ,III 2011 – 2015 ,
Honda ,CR-V ,III 2006 – 2009 ,
Opel ,Meriva ,B Restyling 2014 – 2018 ,
Volvo ,XC70 ,II 2007 – 2013 ,
Ford ,Galaxy ,II Restyling 2010 – 2015 ,
Lexus ,IS ,II Restyling 2008 – 2010 ,
LADA (VAZ) ,Granta ,I 2011 – 2018 ,
Ford ,Maverick ,II 2000 – 2007 ,
Nissan ,Teana ,II Restyling 2011 – 2014 ,
Opel ,Mokka ,I 2012 – 2016 ,
Toyota ,Fortuner ,II 2015 – now ,
Renault ,Koleos ,I Restyling 2011 – 2013 ,
Renault ,Megane ,IV 2016 – now ,
Mitsubishi ,Galant ,IX Restyling 2006 – 2008 ,
Land Rover ,Range Rover Evoque ,I 2011 – 2015 ,
Cadillac ,BLS ,2006 – 2009 ,
Ford ,Focus ,III 2011 – 2015 ,
Honda ,HR-V ,I Restyling 2001 – 2006 ,
BMW ,X3 ,II (F25) 2010 – 2014 ,
Honda ,Civic ,IX 2011 – 2015 ,
Volvo ,V40 Cross Country ,I 2012 – 2016 ,
Audi ,A8 ,III (D4) 2009 – 2014 ,
Kia ,Picanto ,III 2017 – now ,
Audi ,A6 ,III (C6) Restyling 2008 – 2011 ,
SsangYong ,Kyron ,I Restyling 2007 – 2015 ,
Nissan ,Almera ,III (G15) 2012 – 2018 ,
Ford ,Focus ,III Restyling 2014 – 2019 ,
Mazda ,3,I (BK) Restyling 2006 – 2009 ,
Toyota ,Verso ,I 2009 – 2012 ,
Suzuki ,Grand Vitara ,III 2005 – 2008 ,
Ford ,Focus ,II 2005 – 2008 ,
Kia ,Cerato ,II 2008 – 2013 ,
Mercedes-Benz ,G-Class ,II (W463) Restyling 2 2008 – 2012 ,
Hyundai ,Santa Fe ,IV 2018 – now ,
Kia ,Venga ,I 2009 – 2014 ,
Renault ,Sandero ,I 2009 – 2014 ,
MINI ,Countryman ,I 2010 – 2016 ,
Renault ,Scenic ,II Restyling 2006 – 2009 ,
Mitsubishi ,Lancer Evolution ,X 2007 – 2016 ,
BMW ,X3 ,I (E83) Restyling 2006 – 2010 ,
Nissan ,Pathfinder ,III Restyling 2010 – 2014 ,
Opel ,Astra ,J 2009 – 2012 ,
Great Wall ,Hover H3 ,I 2010 – 2015 ,
BMW ,3 series ,VI (F3x) 2011 – 2016 ,
Peugeot ,407,2004 – 2011 ,
Kia ,Sorento ,III Prime Restyling 2017 – now ,
Skoda ,Fabia ,I Restyling 2004 – 2007 ,
Citroen ,C3 ,I 2002 – 2006 ,
SsangYong ,Actyon Sports ,I 2006 – 2012 ,
Peugeot ,107,I Restyling 2009 – 2012 ,
LADA (VAZ) ,2115,1997 – 2012 ,
Volvo ,S60 ,II 2010 – 2013 ,
GAZ ,GAZ 67 ,1943 – 1953 ,
Volvo ,S80 ,I Restyling 2003 – 2006 ,
Volkswagen ,Pointer ,2003 – 2006 ,
Nissan ,Almera ,II (N16) Restyling 2002 – 2006 ,
Citroen ,Xsara Picasso ,1999 – 2012 ,
Mercedes-Benz ,S-Class ,IV (W220) 1998 – 2005 ,
Mazda ,6,I (GG) Restyling 2005 – 2008 ,
Volvo ,V40 ,II 2012 – 2016 ,
Nissan ,Almera Classic ,I 2006 – 2013 ,
Skoda ,Roomster ,I Restyling 2010 – 2015 ,
Kia ,Rio ,IV 2017 – now ,
Opel ,Astra ,J Restyling 2012 – 2017 ,
Honda ,CR-V ,II 2001 – 2004 ,
Volvo ,V40 Cross Country ,I Restyling 2016 – 2019 ,
Suzuki ,Baleno ,I 1995 – 2002 ,
Volkswagen ,Golf Plus ,II 2009 – 2014 ,
SEAT ,Altea ,I Restyling 2009 – 2015 ,
Kia ,Soul ,I 2008 – 2011 ,
Volkswagen ,Polo ,V Restyling 2014 – now ,
Mercedes-Benz ,SL-Class ,V (R230) 2001 – 2006 ,
Audi ,A5 ,I (8T) Restyling 2011 – 2016 ,
Hyundai ,i30 ,II 2011 – 2015 ,
BMW ,1 series ,II (F20/F21) 2011 – 2015 ,
Lexus ,GS ,IV 2011 – 2015 ,
Nissan ,Tiida ,II 2015 – 2018 ,
Land Rover ,Range Rover ,III 2001 – 2005 ,
Ford ,Explorer ,V Restyling 2015 – 2018 ,
BMW ,3 series ,V (E90/E91/E92/E93) 2005 – 2010 ,
Suzuki ,Liana ,I Restyling 2004 – 2008 ,
Hyundai ,Grand Starex ,I Restyling 2015 – 2018 ,
Mercedes-Benz ,S-Class ,"VI (W222, C217) 2013 – 2017 ",
Chery ,Tiggo (T11) ,I Restyling (FL) 2011 – 2016 ,
Chevrolet ,Rezzo ,2000 – 2008 ,
Renault ,Scenic ,III 2009 – 2012 ,
SsangYong ,Actyon ,II Restyling 2013 – now ,
Mazda ,MPV ,II (LW) 1999 – 2003 ,
Volkswagen ,Passat CC ,I Restyling 2012 – 2017 ,
Volkswagen ,Golf ,V 2003 – 2009 ,
Nissan ,Note ,I 2005 – 2008 ,
Fiat ,Albea ,I Restyling 2005 – 2012 ,
Ford ,Galaxy ,II 2006 – 2010 ,
Skoda ,Fabia ,II Restyling 2010 – 2014 ,
Lexus ,RX ,I 1997 – 2003 ,
Ford ,Focus ,II Restyling 2007 – 2011 ,
Suzuki ,SX4 ,I (Classic) Restyling 2009 – 2014 ,
Audi ,A3 ,III (8V) Restyling 2016 – now ,
Toyota ,Hilux ,VIII 2015 – now ,
Kia ,Sportage ,II Restyling 2008 – 2010 ,
Peugeot ,307,I 2001 – 2005 ,
Jaguar ,XF ,II 2015 – now ,
Kia ,Optima ,III 2010 – 2013 ,
Opel ,Meriva ,A Restyling 2006 – 2010 ,
Great Wall ,Hover ,2005 – 2010 ,
Chevrolet ,Spark ,III 2009 – 2016 ,
Datsun ,mi-DO ,2015 – now ,
LADA (VAZ) ,Kalina ,II 2013 – 2018 ,
Suzuki ,SX4 ,II (S-Cross) 2013 – 2016 ,
Renault ,Sandero ,II 2013 – 2018 ,
SsangYong ,Rexton ,II 2006 – 2012 ,
SEAT ,Leon ,III 2012 – 2016 ,
Citroen ,C-Crosser ,2007 – 2013 ,
Porsche ,Taycan ,I 2019 – now ,
Volkswagen ,Polo ,V 2009 – 2015 ,
Peugeot ,Partner ,II Restyling 2 2015 – 2018 ,
Renault ,Logan ,I Restyling 2009 – 2015 ,
Mercedes-Benz ,CLA ,"I (C117, X117) Restyling 2016 – 2019 ",
Hyundai ,Matrix ,I Restyling 2 2008 – 2010 ,
Toyota ,Camry ,VII (XV50) Restyling 2 2017 – 2018 ,
Volkswagen ,Caravelle ,T6 2015 – now ,
Hyundai ,i40 ,I Restyling 2015 – 2019 ,
Mazda ,3,III (BM) 2013 – 2017 ,
Toyota ,Camry ,V (XV30) 2001 – 2006 ,
Mazda ,CX-7 ,I 2006 – 2009 ,
Audi ,A7 ,I (4G) Restyling 2014 – 2018 ,
Honda ,CR-V ,III Restyling 2009 – 2012 ,
Mitsubishi ,Pajero ,III 1999 – 2002 ,
Mazda ,626,V (GF) 1997 – 2002 ,
Volvo ,S60 ,II Restyling 2013 – 2018 ,
Volvo ,S40 ,I Restyling 1999 – 2004 ,
Kia ,Picanto ,I Restyling 2007 – 2011 ,
Chevrolet ,Niva ,I 2002 – 2009 ,
Nissan ,X-Trail ,II 2007 – 2011 ,
LADA (VAZ) ,2112,1999 – 2009 ,
Honda ,Element ,I 2002 – 2006 ,
Hyundai ,Solaris ,I 2010 – 2014 ,
Mazda ,2,II (DE) 2007 – 2010 ,
Kia ,Carens ,II (UN) 2006 – 2012 ,
Lexus ,RX ,IV Restyling 2019 – now ,
Toyota ,Corolla ,"XI (E160, E170) 2012 – 2016 ",
MINI ,Clubman ,I Restyling 2010 – 2014 ,
Jeep ,Compass ,I 2006 – 2010 ,
Audi ,A4 ,III (B7) 2004 – 2009 ,
Infiniti ,QX70 ,2013 – 2017 ,
Porsche ,Cayenne ,I Restyling (957) 2007 – 2010 ,
Chevrolet ,TrailBlazer ,II 2012 – 2016 ,
Renault ,Logan ,II 2012 – 2018 ,
Infiniti ,FX ,II (S51) 2008 – 2012 ,
Chevrolet ,Malibu ,IX 2015 – 2018 ,
Mitsubishi ,Outlander ,I 2002 – 2008 ,
Infiniti ,Q50 ,I 2013 – 2017 ,
Audi ,A5 ,II (F5) 2016 – now ,
Ford ,EcoSport ,I 2014 – 2018 ,
Hyundai ,i30 ,I 2007 – 2010 ,
Citroen ,Berlingo ,II 2008 – 2012 ,
BMW ,4 series ,F32/F33/F36 2013 – 2017 ,
Chevrolet ,Captiva ,I Restyling 2011 – 2013 ,
Hyundai ,Terracan ,I Restyling 2004 – 2007 ,
Audi ,A5 ,I (8T) 2007 – 2011 ,
Kia ,Quoris ,I Ресталинг 2 2015 – 2018 ,
Nissan ,Qashqai ,I 2006 – 2010 ,
Mercedes-Benz ,B-Class ,II (W246) 2011 – 2014 ,
Infiniti ,QX50 ,I Restyling 2015 – 2017 ,
Volkswagen ,Beetle ,II (A5) 2011 – 2019 ,
Mazda ,6,III (GJ) Restyling 2 2018 – now ,
Volkswagen ,Phaeton ,I 2002 – 2010 ,
Volkswagen ,Golf Plus ,I 2005 – 2009 ,
Audi ,100,IV (C4) 1990 – 1994 ,
Mitsubishi ,ASX ,I 2010 – 2013 ,
Subaru ,Forester ,V 2018 – now ,
Subaru ,Forester ,IV Restyling 2015 – 2016 ,
Toyota ,Highlander ,III (U50) 2013 – 2016 ,
SsangYong ,Stavic ,2013 – now ,
Acura ,RDX ,I 2006 – 2009 ,
Mitsubishi ,L200 ,V 2015 – 2019 ,
Volkswagen ,Golf ,VII Restyling 2017 – now ,
Hyundai ,Santa Fe ,I 2000 – 2012 ,
Citroen ,DS5 ,2012 – 2015 ,
Toyota ,C-HR ,I 2016 – 2019 ,
Lexus ,ES ,VI Restyling 2015 – 2018 ,
Audi ,A8 ,II (D3) Restyling 2 2007 – 2010 ,
Volvo ,V60 ,I 2010 – 2013 ,
Hyundai ,i30 ,I Restyling 2010 – 2012 ,
Subaru ,Forester ,II Restyling 2005 – 2008 ,
BMW ,X6 M ,I (E71) Restyling 2012 – 2014 ,
Kia ,Soul ,II 2013 – 2016 ,
Mercedes-Benz ,Vito ,II (W639) Restyling 2010 – 2014 ,
Lexus ,GX ,II Restyling 2013 – 2019 ,
Peugeot ,Partner ,II 2008 – 2012 ,
Subaru ,Legacy ,III 1998 – 2004 ,
Nissan ,Tiida ,I Restyling 2010 – 2013 ,
Chevrolet ,Cobalt ,II 2011 – 2016 ,
Mitsubishi ,Pajero ,III Restyling 2002 – 2006 ,
Skoda ,Octavia ,II (A5) 2004 – 2009 ,
Ford ,KA ,I 1996 – 2008 ,
Kia ,Ceed ,I 2006 – 2010 ,
Chevrolet ,Orlando ,I 2010 – 2015 ,
Subaru ,Forester ,III Restyling 2011 – 2013 ,
Renault ,Kangoo ,II 2008 – 2013 ,
Nissan ,Patrol ,VI (Y62) 2010 – 2014 ,
Hyundai ,Elantra ,VI (AD) Restyling 2018 – now ,
Volkswagen ,Passat ,B3 1988 – 1997 ,
Datsun ,on-DO ,I 2014 – 2019 ,
Ford ,Explorer ,IV 2005 – 2010 ,
LADA (VAZ) ,2109,1987 – 2006 ,
Suzuki ,Grand Vitara ,II Restyling 2000 – 2006 ,
BMW ,6 series ,III (F06/F13/F12) Restyling 2015 – 2018 ,
Jaguar ,XK ,II Restyling 1 2009 – 2011 ,
Peugeot ,308,I 2007 – 2011 ,
Mitsubishi ,ASX ,I Restyling 2012 – 2016 ,
Hyundai ,H-1 ,II Restyling 2 2017 – now ,
Ford ,C-MAX ,I 2003 – 2007 ,
Citroen ,C4 ,I Restyling 2008 – 2011 ,
Dodge ,Caravan ,IV 2000 – 2007 ,
Chevrolet ,Aveo ,I Restyling 2006 – 2012 ,
Lexus ,RX ,II Restyling 2006 – 2009 ,
Rolls-Royce ,Phantom ,VIII 2017 – now ,
Citroen ,C3 ,I Restyling 2005 – 2009 ,
LADA (VAZ) ,Priora ,I 2007 – 2013 ,
Mitsubishi ,Outlander ,III Restyling 2014 – 2015 ,
Daewoo ,Nexia ,I Restyling 2008 – 2016 ,
Ravon ,R2 ,2016 – now ,
Honda ,Accord ,VIII Restyling 2011 – 2013 ,
Mazda ,3,I (BK) 2003 – 2006 ,
Mercedes-Benz ,Viano ,I (W639) 2003 – 2010 ,
Toyota ,Carina ,VII (T210) 1996 – 2001 ,
Mitsubishi ,Carisma ,I Restyling 1999 – 2004 ,
Volvo ,C30 ,I 2006 – 2010 ,
Audi ,A4 ,II (B6) 2000 – 2006 ,
Renault ,Clio RS ,III 2006 – 2009 ,
Suzuki ,Grand Vitara ,II 1997 – 2001 ,
Renault ,Megane ,III 2008 – 2014 ,
BMW ,3 series ,III (E36) 1990 – 2000 ,
Mercedes-Benz ,GL-Class ,I (X164) 2006 – 2009 ,
Toyota ,Corolla Verso ,I Restyling 2004 – 2007 ,
Ford ,Kuga ,II Restyling 2016 – 2019 ,
BMW ,2 series ,F22 2014 – 2017 ,
Toyota ,HiAce ,H100 1989 – 2004 ,
BMW ,6 series ,III (F06/F13/F12) 2011 – 2015 ,
Fiat ,Punto ,III Grande Punto 2005 – 2010 ,
Mitsubishi ,Pajero ,IV 2006 – 2011 ,
MINI ,Clubman ,II 2015 – 2019 ,
Mercedes-Benz ,CLS ,II (C218) 2010 – 2014 ,
BMW ,X5 ,I (E53) 1999 – 2003 ,
Mercedes-Benz ,GLS AMG ,I (X166) 2015 – 2019 ,
Suzuki ,Grand Vitara ,III Restyling 2 2012 – 2015 ,
Volvo ,S40 ,II Restyling 2007 – 2012 ,
Citroen ,C4 ,I 2004 – 2014 ,
Subaru ,Outback ,IV Restyling 2012 – 2014 ,
Nissan ,Teana ,I Restyling 2005 – 2008 ,
Isuzu ,Trooper ,II 1992 – 2002 ,
BMW ,1 series ,I (E81/E82/E87/E88) 2004 – 2007 ,
Toyota ,Corolla ,"XI (E160, E170) Restyling 2015 – now ",
BMW ,M5 ,V (F10) 2011 – 2013 ,
BMW ,1 series ,I (E81/E82/E87/E88) Restyling 2007 – 2011 ,
Chevrolet ,Aveo ,I 2003 – 2008 ,
Great Wall ,Hover M2 ,2010 – 2014 ,
Honda ,Pilot ,II Restyling 2011 – 2015 ,
Lifan ,X60 ,I 2011 – 2015 ,
Mazda ,3,III (BM) Restyling 2016 – 2018 ,
Mercedes-Benz ,E-Class ,"III (W211, S211) Restyling 2006 – 2009 ",
Audi ,A3 ,III (8V) 2012 – 2016 ,
Mercedes-Benz ,A-Class ,III (W176) 2012 – 2015 ,
SEAT ,Leon ,II Restyling 2009 – 2012 ,
Mercedes-Benz ,B-Class ,II (W246) Restyling 2014 – 2018 ,
Jaguar ,XE ,I 2015 – 2019 ,
Ford ,S-MAX ,I Restyling 2010 – 2015 ,
Mitsubishi ,Montero Sport ,1996 – 2008 ,
Volkswagen ,Sharan ,I Restyling 2 2003 – 2010 ,
Nissan ,Tiida ,I 2004 – 2012 ,
Opel ,Insignia ,I Restyling 2013 – 2017 ,
Toyota ,Corolla ,VIII (E110) 1995 – 2000 ,
MINI ,Hatch ,III (F55/F56) 2013 – 2018 ,
Volkswagen ,Scirocco ,III 2008 – 2014 ,
Chrysler ,300C ,II Restyling 2015 – now ,
Toyota ,Auris ,I Restyling 2010 – 2012 ,
Renault ,Dokker ,2012 – now ,
Cadillac ,ATS ,I 2012 – 2014 ,
Mercedes-Benz ,M-Class ,I (W163) 1997 – 2001 ,
Ford ,Explorer ,V Restyling 2 2017 – 2019 ,
Chevrolet ,Camaro ,VI Restyling 2018 – now ,
Hyundai ,Accent ,II Restyling 2002 – 2005 ,
Toyota ,Camry ,VI (XV40) Restyling 2009 – 2011 ,
Hyundai ,Grandeur ,V 2011 – 2016 ,
Nissan ,Juke ,I Restyling 2014 – 2019 ,
Kia ,Picanto ,II 2011 – 2015 ,
Kia ,Rio ,III Restyling 2015 – 2017 ,
BMW ,X3 M ,I (F97) 2019 – now ,
Chery ,Tiggo 3 ,I 2014 – now ,
Peugeot ,206,1998 – 2012 ,
Nissan ,Qashqai+2 ,I Restyling 2010 – 2013 ,
Ford ,F-150 ,XIII Restyling 2017 – now ,
Toyota ,Avensis ,III 2008 – 2011 ,
Toyota ,RAV4 ,II (XA20) 2000 – 2003 ,
Lexus ,UX ,I 2018 – now ,
Subaru ,Tribeca ,I 2004 – 2007 ,
Chery ,QQ6 (S21) ,2006 – 2010 ,
Chevrolet ,Spark ,II 2005 – 2009 ,
Daewoo ,Nexia ,I 1994 – 2008 ,
Mazda ,6,II (GH) Restyling 2009 – 2013 ,
Citroen ,C4 Picasso ,II 2013 – 2016 ,
Audi ,A4 ,V (B9) 2015 – now ,
Toyota ,Corolla ,XII (E210) 2018 – now ,
Audi ,A6 ,II (C5) 1997 – 2001 ,
Chrysler ,Town & Country ,V Restyling 2010 – 2016 ,
Hyundai ,Equus ,II Restyling 2013 – 2016 ,
Nissan ,Primera ,III (P12) 2001 – 2008 ,
YAZ ,Hunter ,2003 – now ,
Ferrari ,FF ,2011 – 2016 ,
Mitsubishi ,Pajero Sport ,II Restyling 2013 – 2016 ,
Daewoo ,Leganza ,1997 – 2008 ,
Jaguar ,X-Type ,I 2001 – 2008 ,
SsangYong ,Rexton ,III 2012 – 2017 ,
Jaguar ,XF ,I Restyling 2011 – 2015 ,
Subaru ,WRX ,I Restyling 2016 – now ,
Peugeot ,3008,I 2009 – 2013 ,
Mercedes-Benz ,M-Class AMG ,III (W166) 2011 – 2015 ,
Jaguar ,XJ ,IV (X351) 2009 – 2015 ,
Kia ,Sportage ,II 2004 – 2008 ,
Hyundai ,Elantra ,V (MD) 2010 – 2014 ,
Mazda ,Demio ,I (DW) 1996 – 2003 ,
Renault ,Megane ,I 1995 – 1999 ,
SsangYong ,Kyron ,I 2005 – 2007 ,
Kia ,K900 ,II 2018 – now ,
Honda ,CR-Z ,2010 – 2016 ,
Audi ,RS Q3 ,I (8U) 2013 – 2015 ,
Ravon ,Nexia R3 ,2015 – now ,
Bentley ,Continental GT ,II Restyling 2015 – 2017 ,
Mercedes-Benz ,GLE AMG ,I (W166) 2015 – 2019 ,
Chevrolet ,Aveo ,II 2011 – 2015 ,
Chrysler ,300M ,1998 – 2004 ,
Volkswagen ,Multivan ,T5 Restyling 2009 – 2015 ,
Jaguar ,F-Type ,I Restyling 2017 – 2019 ,
Kia ,Ceed ,II Restyling 2015 – 2018 ,
SEAT ,Alhambra ,II 2010 – 2015 ,
LADA (VAZ) ,21099,1990 – 2011 ,
Kia ,Soul ,III 2019 – now ,
Hyundai ,Elantra ,VI (AD) 2015 – 2019 ,
Citroen ,Berlingo ,II Restyling 2012 – 2015 ,
Honda ,Fit ,I 2001 – 2008 ,
Volkswagen ,Passat ,B5 1996 – 2001 ,
Peugeot ,508,I 2011 – 2014 ,
Kia ,Ceed GT ,I 2012 – 2015 ,
Toyota ,Echo ,1999 – 2005 ,
YAZ ,Pickup ,I Restyling 2 2016 – now ,
Toyota ,Corolla ,"X (E140, E150) Restyling 2010 – 2013 ",
Nissan ,Elgrand ,II (E51) 2002 – 2010 ,
Chevrolet ,Tracker ,III (Trax) 2013 – 2017 ,
Suzuki ,Swift ,IV 2011 – 2013 ,
Renault ,Koleos ,I Restyling 2 2013 – 2016 ,
Mercedes-Benz ,A-Class ,III (W176) Restyling 2015 – 2018 ,
Jaguar ,XJ ,IV (X351) Restyling 2015 – 2019 ,
BMW ,1 series ,II (F20/F21) Restyling 2015 – 2017 ,
Toyota ,Corolla ,"IX (E120, E130) 2000 – 2004 ",
Suzuki ,Grand Vitara ,III Restyling 2008 – 2012 ,
Ford ,Ranger ,II 2006 – 2009 ,
MINI ,Hatch ,I (R50) 2000 – 2006 ,
Kia ,Cerato ,I 2003 – 2007 ,
Chevrolet ,Corvette ,C7 2013 – 2019 ,
Subaru ,Forester ,I 1997 – 2000 ,
Jeep ,Compass ,I Restyling 2 2013 – 2016 ,
Citroen ,C1 ,I Restyling 2008 – 2012 ,
Peugeot ,508,I Restyling 2014 – 2018 ,
Mercedes-Benz ,GLA AMG ,I (X156) 2014 – 2017 ,
Luxgen ,Luxgen7 SUV ,2013 – 2017 ,
BMW ,5 series ,IV (E39) Restyling 2000 – 2004 ,
BMW ,5 series ,III (E34) 1987 – 1996 ,
Audi ,A4 allroad ,IV (B8) Restyling 2011 – 2016 ,
LADA (VAZ) ,2105,1979 – 2011 ,
Suzuki ,Swift ,III 2004 – 2011 ,
Opel ,Zafira ,B 2005 – 2008 ,
Nissan ,Micra ,III (K12) 2002 – 2010 ,
Audi ,80,IV (B3) 1986 – 1991 ,
Renault ,Symbol ,I Restyling 2002 – 2006 ,
Vortex ,Tingo ,I 2010 – 2012 ,
Citroen ,C4 Picasso ,II Restyling 2016 – 2018 ,
Opel ,Corsa ,D Restyling I 2010 – 2011 ,
Toyota ,Sienna ,II Restyling 2005 – 2010 ,
Porsche ,Macan ,I Restyling 2018 – now ,
Volkswagen ,Transporter ,T5 Restyling 2009 – 2015 ,
Renault ,Latitude ,I 2010 – 2013 ,
Volkswagen ,Phaeton ,I Restyling 2010 – 2016 ,
Infiniti ,Q50 ,I Restyling 2017 – now ,
Hyundai ,Getz ,I 2002 – 2005 ,
Peugeot ,307,I Restyling 2005 – 2008 ,
Nissan ,Armada ,I 2003 – 2007 ,
Audi ,A4 ,I (B5) 1994 – 1999 ,
Kia ,Proceed ,I 2018 – now ,
Hyundai ,Grandeur ,IV 2005 – 2009 ,
Honda ,Accord ,VIII 2007 – 2011 ,
BMW ,5 series ,VII (G30/G31) Restyling 2020 – now ,
Volkswagen ,Golf ,IV 1997 – 2006 ,
Suzuki ,Ignis ,II (HR) 2003 – 2008 ,
Audi ,A1 ,I (8X) Restyling 2014 – 2018 ,
GAZ ,31105 «Volga» ,2003 – 2009 ,
Kia ,Sportage ,I 1993 – 2006 ,
Moskvich ,2141,1986 – 1998 ,
Daewoo ,Gentra ,II 2013 – 2015 ,
Opel ,Corsa ,C Restyling 2003 – 2006 ,
Infiniti ,M ,IV 2010 – 2013 ,
Mazda ,3,IV (BP) 2019 – now ,
Mercedes-Benz ,E-Class ,I (W124) 1992 – 1997 ,
Mitsubishi ,Pajero Pinin ,1998 – 2006 ,
SsangYong ,Korando ,II 1996 – 2006 ,
Chery ,Kimo (A1) ,2007 – 2014 ,
Kia ,Sorento ,I Restyling 2006 – 2011 ,
Infiniti ,Q70 ,I 2013 – 2014 ,
SsangYong ,Rodius ,I Restyling 2007 – 2013 ,
Mitsubishi ,Colt ,VI (Z20/Z30) 2002 – 2012 ,
Volkswagen ,Golf GTI ,VII 2013 – 2017 ,
Great Wall ,Hover H3 ,I Restyling 2014 – 2016 ,
Hyundai ,i20 ,I 2008 – 2012 ,
Cadillac ,SRX ,I 2003 – 2009 ,
Opel ,Meriva ,B 2010 – 2014 ,
Honda ,CR-V ,II Restyling 2004 – 2006 ,
Honda ,Accord ,IX 2012 – 2015 ,
YAZ ,Pickup ,I Restyling 2014 – 2016 ,
Opel ,Frontera ,A 1992 – 1998 ,
Peugeot ,207,I 2006 – 2009 ,
Honda ,Legend ,IV 2004 – 2008 ,
Toyota ,Corolla ,"IX (E120, E130) Restyling 2003 – 2007 ",
Chery ,Tiggo 5 ,I 2014 – 2016 ,
Subaru ,Impreza ,III 2007 – 2011 ,
Toyota ,Venza ,I 2008 – 2012 ,
Peugeot ,605,1989 – 1999 ,
Daihatsu ,Sirion ,I (M1) 1998 – 2004 ,
Citroen ,C5 ,II 2008 – 2017 ,
Opel ,Antara ,I 2006 – 2011 ,
Kia ,Soul ,II Restyling 2016 – 2019 ,
Subaru ,Forester ,IV Restyling 2 2016 – 2018 ,
Toyota ,Venza ,I Restyling 2012 – 2017 ,
Ford ,Focus ,I Restyling 2001 – 2005 ,
Opel ,Astra ,H 2004 – 2007 ,
SsangYong ,Actyon Sports ,II 2012 – 2016 ,
Volkswagen ,Transporter ,T5 2003 – 2009 ,
Saab ,9-5 ,I Restyling 2001 – 2005 ,
Toyota ,Prius ,I (XW10) 1997 – 2000 ,
Mercedes-Benz ,S-Class ,"VI (W222, C217) Restyling 2017 – now ",
Porsche ,911,VI (997) 2004 – 2009 ,
LADA (VAZ) ,2101,1970 – 1988 ,
Hyundai ,Sonata ,IV (EF) Restyling 2001 – 2012 ,
Renault ,Kangoo ,II Restyling 2013 – now ,
Toyota ,Sienna ,III 2010 – 2014 ,
Lexus ,GX ,II Restyling 2 2019 – now ,
Peugeot ,4007,2007 – 2012 ,
Kia ,Venga ,I Restyling 2014 – 2018 ,
DongFeng ,H30 Cross ,2011 – 2018 ,
Fiat ,Sedici ,2005 – 2014 ,
Mercedes-Benz ,C-Class ,II (W203) Restyling 2004 – 2008 ,
Nissan ,Terrano ,II Restyling 2 1999 – 2006 ,
Opel ,Vectra ,B 1995 – 1999 ,
Ford ,Mondeo ,III Restyling 2003 – 2007 ,
Hyundai ,Santa Fe ,III 2012 – 2016 ,
Mercedes-Benz ,Vito ,III (W447) 2014 – now ,
Peugeot ,301,I 2012 – 2016 ,
Peugeot ,Partner ,II Restyling 2012 – 2015 ,
Porsche ,Boxster ,IV 718 (982) 2016 – now ,
Mitsubishi ,L200 ,V Restyling 2018 – now ,
Mazda ,5,II (CW) 2010 – 2015 ,
Citroen ,C3 Picasso ,I Restyling 2012 – 2017 ,
Toyota ,Vitz ,I (P10) 1999 – 2005 ,
Renault ,Scenic ,II 2003 – 2006 ,
Nissan ,Murano ,II (Z51) 2007 – 2010 ,
Honda ,Civic ,VI 1995 – 2002 ,
Honda ,Pilot ,III Restyling 2018 – now ,
Nissan ,Liberty ,1998 – 2004 ,
Mercedes-Benz ,B-Class ,I (W245) 2005 – 2009 ,
Kia ,Picanto ,I 2004 – 2007 ,
Renault ,Kangoo ,I Restyling 2003 – 2009 ,
Skoda ,Roomster ,I 2006 – 2010 ,
Renault ,Scenic ,I Restyling 1999 – 2003 ,
Peugeot ,208,I 2012 – 2015 ,
Skoda ,Fabia ,I 1999 – 2004 ,
ZAZ ,Chance ,2009 – 2014 ,
Kia ,Sephia ,II 1997 – 2001 ,
Infiniti ,QX50 ,I 2013 – 2015 ,
Audi ,A6 ,II (C5) Restyling 2001 – 2004 ,
Toyota ,Avensis ,II 2003 – 2006 ,
Kia ,Picanto ,II Restyling 2015 – 2017 ,
Chery ,IndiS (S18D) ,I 2010 – 2015 ,
Volkswagen ,Polo ,IV 2001 – 2005 ,
LADA (VAZ) ,2131 (4x4) ,I 1993 – 2019 ,
Volkswagen ,Teramont ,I 2017 – now ,
TagAZ ,Vega ,2009 – 2010 ,
Datsun ,on-DO ,I Restyling 2019 – now ,
Ford ,Tourneo Connect ,I 2002 – 2009 ,
Toyota ,RAV4 ,II (XA20) Restyling 2003 – 2006 ,
Renault ,Fluence ,I Restyling 2012 – 2017 ,
Ravon ,R4 ,2016 – now ,
Hyundai ,Matrix ,I Restyling 2005 – 2008 ,
Renault ,Clio ,III Restyling 2009 – 2014 ,
Opel ,Astra ,G 1998 – 2009 ,
Opel ,Zafira ,A Restyling 2003 – 2006 ,
Fiat ,Doblo ,II Restyling 2015 – now ,
Opel ,Corsa ,D Restyling II 2011 – 2014 ,
Honda ,Crosstour ,I Restyling 2012 – 2015 ,
Jeep ,Wrangler ,II (TJ) 1996 – 2006 ,
Renault ,Koleos ,I 2008 – 2011 ,
Haval ,H2 ,2014 – now ,
MINI ,Coupe ,I 2011 – 2015 ,
Dodge ,Stratus ,II 2000 – 2003 ,
Mitsubishi ,Space Star ,I 1998 – 2002 ,
Mercedes-Benz ,B-Class ,III (W247) 2018 – now ,
Subaru ,Impreza ,IV 2011 – 2015 ,
Kia ,Rio ,II 2005 – 2009 ,
Vortex ,Estina ,I 2008 – 2012 ,
LADA (VAZ) ,2121 (4x4) ,I Restyling (2020) 2019 – now ,
Mercedes-Benz ,GLC AMG ,I (X253) Restyling 2019 – now ,
Subaru ,Outback ,V 2014 – 2018 ,
Hyundai ,Trajet ,I Restyling 2004 – 2008 ,
Nissan ,Micra ,II (K11) 1992 – 2002 ,
Acura ,TLX ,I 2014 – 2017 ,
Land Rover ,Defender ,I Restyling 2007 – 2016 ,
Audi ,TT ,II (8J) Restyling 2010 – 2014 ,
BMW ,M6 ,III (F06/F13/F12) 2012 – 2018 ,
Ford ,C-MAX ,I Restyling 2007 – 2010 ,
Geely ,Emgrand EC7 ,2009 – 2016 ,
Hyundai ,Matrix ,I 2001 – 2005 ,
Hyundai ,Sonata ,VI (YF) 2009 – 2014 ,
Nissan ,Teana ,III 2014 – now ,
Great Wall ,Safe ,2001 – 2010 ,
Mazda ,626,IV (GE) 1991 – 1997 ,
Toyota ,Auris ,II 2012 – 2015 ,
Mitsubishi ,Lancer ,IX 2000 – 2007 ,
Mazda ,5,I (CR) Restyling 2007 – 2010 ,
GAZ ,Volga Siber ,I 2008 – 2010 ,
Genesis ,G90 ,I 2016 – 2019 ,
Audi ,A8 ,III (D4) Restyling 2013 – 2017 ,
Honda ,Accord ,VI 1997 – 2002 ,
Nissan ,GT-R ,I Restyling 2 2013 – 2016 ,
Chevrolet ,Volt ,I 2010 – 2015 ,
Audi ,A8 ,II (D3) 2002 – 2005 ,
Audi ,TT ,II (8J) 2006 – 2010 ,
Ford ,Escape ,I Restyling 2004 – 2007 ,
Volvo ,S80 ,II Restyling 2 2013 – 2016 ,
Alfa Romeo ,147,I Restyling 2004 – 2010 ,
Mercedes-Benz ,CLS AMG ,II (W218) 2011 – 2014 ,
Citroen ,Berlingo ,II Restyling 2 2015 – 2019 ,
Opel ,Vectra ,C 2002 – 2005 ,
Chevrolet ,Tahoe ,II 1999 – 2006 ,
Peugeot ,1007,2005 – 2009 ,
Suzuki ,Jimny ,III 1998 – 2005 ,
Ford ,Escape ,I Restyling 2 2007 – 2012 ,
Iran Khodro ,Samand ,2002 – now ,
Ford ,Mondeo ,II 1994 – 2001 ,
Toyota ,Land Cruiser ,100 Series Restyling 1 2002 – 2005 ,
Cadillac ,SRX ,II Restyling 2012 – 2016 ,
Mitsubishi ,Eclipse ,IV Restyling 2008 – 2011 ,
Mercedes-Benz ,CLA AMG ,"I (C117, X117) Restyling 2016 – 2019 ",
Ford ,Escape ,I 2000 – 2004 ,
Jaguar ,XF ,I 2007 – 2011 ,
BMW ,2 series Active Tourer ,F45 2014 – 2018 ,
Mercedes-Benz ,W128 ,1958 – 1960 ,
Audi ,A4 allroad ,V (B9) 2016 – now ,
Toyota ,Prius ,III (XW30) 2009 – 2011 ,
Mercedes-Benz ,SLK-Class ,III (R172) 2011 – 2016 ,
GMC ,Savana ,I Restyling 2003 – now ,
Kia ,Quoris ,I 2012 – 2014 ,
Mazda ,CX-9 ,II 2016 – now ,
BMW ,i3 ,I (I01) 2013 – 2017 ,
Rolls-Royce ,Ghost ,I Restyling (Series II) 2014 – now ,
Rolls-Royce ,Ghost ,I 2010 – 2014 ,
Mercedes-Benz ,W124 ,1984 – 1993 ,
Audi ,A6 allroad ,II (C6) 2006 – 2008 ,
Subaru ,Legacy ,VI Restyling 2017 – now ,
Lexus ,LS ,III Restyling 2003 – 2006 ,
Lexus ,GX ,II 2009 – 2013 ,
Fiat ,Doblo ,I Restyling 2005 – 2015 ,
Maserati ,Quattroporte ,VI Restyling 2016 – now ,
BMW ,3 series ,IV (E46) 1998 – 2003 ,
Nissan ,Leaf ,I (ZE0/AZE0) 2010 – 2017 ,
Mercedes-Benz ,CL-Class ,III (C216) 2006 – 2010 ,
Maserati ,Ghibli ,III 2013 – 2016 ,
Ford ,Econoline ,IV 1992 – 2013 ,
Mercedes-Benz ,AMG GT ,I 2014 – 2017 ,
Maserati ,Levante ,I 2016 – now ,
Mercedes-Benz ,E-Class AMG ,"IV (W212, S212) Restyling 2013 – 2016 ",
Moskvich ,403,1962 – 1965 ,
Acura ,ZDX ,2009 – 2013 ,
Ford ,Mustang ,VI Restyling 2017 – now ,
Hyundai ,Sonata ,V (NF) 2004 – 2010 ,
Nissan ,AD ,II 1999 – 2008 ,
Maybach ,62,I 2002 – 2010 ,
Audi ,RS 3 ,I (8P) 2011 – 2012 ,
Jeep ,Wrangler ,III (JK) 2007 – 2018 ,
Porsche ,Panamera ,I 2009 – 2013 ,
LADA (VAZ) ,2121 (4x4) ,I 1977 – 1993 ,
LADA (VAZ) ,2103,1972 – 1984 ,
Mitsubishi ,Lancer ,VI 1991 – 2000 ,
Mazda ,2,II Restyling (DE2) 2010 – 2014 ,
Nissan ,Cedric ,X (Y34) 1999 – 2004 ,
GAZ ,3110 «Volga» ,1997 – 2008 ,
Volkswagen ,Eos ,I 2006 – 2011 ,
Renault ,Trafic ,II Restyling 2006 – 2014 ,
Honda ,Zest ,2006 – 2012 ,
Toyota ,Alphard ,II 2008 – 2014 ,
Jeep ,Cherokee ,V (KL) Restyling 2018 – now ,
Lexus ,LX ,II Restyling 2002 – 2007 ,
Nissan ,March ,III (K12) 2002 – 2010 ,
Mercedes-Benz ,R-Class ,I Restyling 2 2010 – 2017 ,
Hummer ,H2 ,I Restyling 2007 – 2009 ,
Mercedes-Benz ,S-Class AMG ,II (W221) 2006 – 2009 ,
Kia ,Shuma ,II 2001 – 2004 ,
Kia ,Cerato ,I Restyling 2006 – 2009 ,
Jeep ,Liberty (Patriot) ,2006 – 2016 ,
Mazda ,Xedos 6 ,1992 – 2000 ,
Tesla ,Model X ,I 2015 – now ,
Opel ,Corsa ,B 1993 – 2000 ,
Peugeot ,3008,I Restyling 2013 – 2016 ,
MINI ,Hatch ,II (R56) 2006 – 2010 ,
Toyota ,Avensis ,III Restyling 2011 – 2015 ,
DW Hower ,H3 ,I 2017 – 2019 ,
Chery ,Fora (A21) ,2006 – 2011 ,
Acura ,MDX ,III 2013 – 2015 ,
Infiniti ,G ,IV 2006 – 2013 ,
Renault ,Koleos ,II 2016 – 2019 ,
Toyota ,Camry ,IV (XV20) 1996 – 2002 ,
BMW ,7 series ,III (E38) Restyling 1998 – 2001 ,
Dodge ,RAM ,III (DR/DH) 2001 – 2008 ,
Bentley ,Arnage ,I 1998 – 2002 ,
Mercedes-Benz ,SL-Class ,V (R230) Restyling 2 2008 – 2011 ,
Mazda ,Capella ,VI 1997 – 2002 ,
Mercedes-Benz ,CLK-Class ,II (W209) 2002 – 2005 ,
Volkswagen ,Bora ,1998 – 2005 ,
Dodge ,Caravan ,III 1995 – 2000 ,
Nissan ,Maxima ,IV (A32) 1994 – 2000 ,
Kia ,Rio ,I Restyling 2002 – 2005 ,
Porsche ,Cayenne ,I (955) 2002 – 2007 ,
Renault ,Megane ,III Restyling 2 2014 – 2016 ,
Land Rover ,Discovery Sport ,I Restyling 2019 – now ,
Peugeot ,207,I Restyling 2009 – 2015 ,
Subaru ,Impreza ,I 1992 – 2000 ,
Ford ,Focus ST ,II Restyling 2008 – 2011 ,
Infiniti ,M ,III 2005 – 2008 ,
Smart ,Fortwo ,III 2014 – now ,
Lifan ,X60 ,I Restyling 2015 – 2016 ,
Ford ,Galaxy ,I Restyling 2000 – 2006 ,
Ravon ,Gentra ,2015 – 2018 ,
Toyota ,Hilux Surf ,II 1989 – 1993 ,
Honda ,CR-V ,I 1995 – 1999 ,
Jaguar ,I-Pace ,I 2018 – now ,
Toyota ,Highlander ,I (U20) 2001 – 2003 ,
Toyota ,Alphard ,III 2015 – 2017 ,
Chrysler ,300C ,I 2004 – 2011 ,
Chevrolet ,TrailBlazer ,I 2001 – 2006 ,
LADA (VAZ) ,2113,2004 – 2013 ,
Toyota ,Land Cruiser Prado ,90 Series 1996 – 1999 ,
ZAZ ,968,1972 – 1994 ,
Lexus ,LS ,III 2000 – 2003 ,
Toyota ,Sprinter ,VI (E90) 1987 – 1991 ,
Changan ,Eado ,2013 – 2018 ,
Moskvich ,400,1946 – 1956 ,
FAW ,Besturn X80 ,I Restyling 2018 – now ,
BMW ,3 series ,I (E21) 1975 – 1983 ,
Volvo ,V40 ,I Restyling 1999 – 2004 ,
Volvo ,V60 Cross Country ,I 2015 – 2018 ,
Renault ,Symbol ,ll 2008 – 2012 ,
Hyundai ,Avante ,V 2010 – 2015 ,
Opel ,Monterey ,A 1992 – 1998 ,
Cadillac ,CTS ,II 2007 – 2014 ,
Ford ,Escort ,V Restyling 2 1995 – 2000 ,
Hyundai ,Verna ,II 2005 – 2010 ,
Geely ,Emgrand X7 ,I Restyling 2016 – 2019 ,
Renault ,19,II 1992 – 2002 ,
Toyota ,Corolla ,VII (E100) 1991 – 2000 ,
Kia ,Sephia ,II Restyling 2001 – 2004 ,
Skoda ,Octavia ,I (A4) 1996 – 2000 ,
BMW ,6 series ,IV (G32) Restyling 2020 – now ,
Mercedes-Benz ,CLS AMG ,II (W218) Restyling 2014 – 2018 ,
Maybach ,57,I 2002 – 2010 ,
Hawtai ,Boliger ,2011 – now ,
LyAZ ,969,1966 – 1992 ,
Audi ,A4 ,I (B5) Restyling 1999 – 2001 ,
Jaguar ,F-Type ,I 2013 – 2017 ,
Chevrolet ,Camaro ,V 2009 – 2013 ,
Infiniti ,QX30 ,2015 – 2019 ,
Peugeot ,RCZ ,I 2010 – 2012 ,
Honda ,Odyssey ,II 1999 – 2003 ,
Lexus ,LM ,I 2019 – now ,
Lexus ,IS ,III Restyling 2016 – now ,
Smart ,Fortwo ,I 1998 – 2004 ,
GAZ ,69,1953 – 1972 ,
Subaru ,Outback ,III Restyling 2006 – 2009 ,
Fiat ,500,II Restyling 2015 – now ,
Subaru ,Outback ,II 1998 – 2004 ,
Lamborghini ,Urus ,I 2017 – now ,
Kia ,Carnival ,I Restyling 2002 – 2006 ,
GAZ ,24 «Volga» ,I (24) 1968 – 1987 ,
GAZ ,21 «Volga» ,1956 – 1970 ,
Toyota ,Tundra ,II Restyling 2013 – now ,
LyAZ ,967,1965 – 1989 ,
Rover ,600,1993 – 1999 ,
Audi ,R8 ,I (Typ 42) 2007 – 2012 ,
Nissan ,GT-R ,I Restyling 1 2010 – 2014 ,
Ferrari ,612,2004 – 2011 ,
Toyota ,GT86 ,I 2012 – 2016 ,
Renault ,Laguna ,III 2007 – 2012 ,
Chevrolet ,Van ,1971 – 1996 ,
Renault ,Espace ,IV Restyling 2006 – 2012 ,
Lexus ,GS ,III 2004 – 2007 ,
Mercedes-Benz ,SLK-Class ,I (R170) Restyling 2000 – 2004 ,
GAZ ,3102 «Volga» ,1982 – 2009 ,
Skoda ,Felicia ,I Restyling 1998 – 2001 ,
TagAZ ,Aquila ,I 2012 – 2014 ,
Ford ,Ranger ,II Restyling 2009 – 2011 ,
Nissan ,Skyline ,X (R34) 1998 – 2002 ,
Infiniti ,FX ,I (S50) 2002 – 2006 ,
Opel ,Omega ,B Restyling 1999 – 2004 ,
Toyota ,Supra ,IV (A80) 1993 – 1996 ,
Toyota ,Vellfire ,I 2008 – 2015 ,
ZAZ ,965,1960 – 1970 ,
McLaren ,720S ,2017 – now ,
Ford ,Bronco ,V 1992 – 1996 ,
Audi ,TT ,III (8S) 2014 – 2019 ,
Lexus ,CT ,I 2010 – 2014 ,
Hyundai ,Galloper ,II 1997 – 2003 ,
Maserati ,GranTurismo ,2007 – 2019 ,
YAZ ,469,1972 – 2011 ,
Toyota ,Celica ,V (T180) 1989 – 1993 ,
Ford ,Excursion ,1999 – 2005 ,
Renault ,Espace ,V 2015 – 2019 ,
BMW ,X3 ,I (E83) 2003 – 2006 ,
Hummer ,H1 ,1992 – 2006 ,
Toyota ,Supra ,III (A70) 1986 – 1993 ,
Porsche ,911,V (996) Restyling 2000 – 2005 ,
Tesla ,Model S ,I 2012 – 2016 ,
Isuzu ,VehiCross ,1997 – 2001 ,
ZX ,Landmark ,I 2005 – 2009 ,
Daewoo ,Damas ,I 1991 – 2005 ,
Dodge ,Magnum ,I 2003 – 2007 ,
Opel ,Meriva ,A 2003 – 2006 ,
Lifan ,X60 ,I Restyling 2 2016 – now ,
Mercedes-Benz ,SL-Class AMG ,II (R230) Restyling 2 2008 – 2011 ,
BMW ,M3 ,IV (E90) 2007 – 2013 ,
GAZ ,13 «Chaika» ,1959 – 1981 ,
LADA (VAZ) ,2329,1995 – 2019 ,
Alfa Romeo ,Brera ,2006 – 2010 ,
Mercedes-Benz ,SLK-Class ,I (R170) 1996 – 2000 ,
Mitsubishi ,Delica D:5 ,I 2007 – now ,
Nissan ,Patrol ,V (Y61) 1997 – 2004 ,
Ford ,S-MAX ,II 2015 – now ,
GAZ ,14 «Chaika» ,1977 – 1989 ,
Tesla ,Model 3 ,I 2017 – now ,
Renault ,Vel Satis ,I Restyling 2005 – 2009 ,
Aston Martin ,DB11 ,I 2016 – now ,
Ford ,Focus ST ,III 2012 – 2015 ,
GAZ ,31029 «Volga» ,1992 – 1998 ,
Bentley ,Flying Spur ,I 2013 – 2019 ,
Citroen ,Jumpy ,II Restyling 2012 – 2016 ,
Volvo ,940,1988 – 1998 ,
Toyota ,Land Cruiser ,100 Series Restyling 2 2005 – 2007 ,
Jeep ,Commander ,2005 – 2010 ,
Honda ,FR-V ,2004 – 2009 ,
Renault ,Clio RS ,II Restyling 2001 – 2005 ,
Alfa Romeo ,159,2005 – 2011 ,
Fiat ,Scudo ,II 2007 – 2016 ,
Cadillac ,CTS ,III 2013 – 2019 ,
Mercedes-Benz ,CLA AMG ,"I (C117, X117) 2013 – 2016 ",
GAZ ,12 ZIM ,1948 – 1960 ,
Audi ,A6 allroad ,II (C6) Restyling 2008 – 2011 ,
Fiat ,Doblo ,II 2010 – 2015 ,
Audi ,S8 ,II (D3) Restyling 2007 – 2011 ,
Nissan ,Cube ,II (Z11) 2002 – 2008 ,
Lincoln ,Navigator ,I 1997 – 2003 ,
Toyota ,Land Cruiser ,100 Series 1998 – 2002 ,
Lincoln ,Mark VII ,1984 – 1992 ,
Mitsubishi ,Lancer Evolution ,VIII 2003 – 2005 ,
Chevrolet ,Caprice ,IV 1990 – 1996 ,
Chevrolet ,Suburban ,IX 1991 – 2001 ,
Chrysler ,Pacifica ,CS 2003 – 2008 ,
Nissan ,350Z ,I Restyling 2005 – 2009 ,
Renault ,Espace ,IV 2002 – 2006 ,
Toyota ,Mark II ,VIII (X100) 1996 – 2002 ,
Toyota ,Highlander ,I (U20) Restyling 2003 – 2007 ,
Chevrolet ,Epica ,I 2006 – 2009 ,
Porsche ,911,V (996) 1997 – 2001 ,
Saab ,9-3 ,II Restyling 2007 – 2014 ,
Moskvich ,401,1954 – 1956 ,
Chevrolet ,Camaro ,II 1970 – 1981 ,
Toyota ,Alphard ,I 2002 – 2005 ,
Kia ,K5 ,I 2010 – 2013 ,
Opel ,Vectra OPC ,C Restyling 2005 – 2008 ,
Chevrolet ,Corvette ,C6 2004 – 2014 ,
Toyota ,Sera ,1990 – 1994 ,
Acura ,RDX ,I Restyling 2009 – 2012 ,
Mercedes-Benz ,A-Class AMG ,I (W176) 2013 – 2015 ,
BMW ,M5 ,III (E39) 1998 – 2003 ,
Mercedes-Benz ,Vito ,I (W638) 1996 – 2003 ,
Mitsubishi ,L200 ,IV Restyling 2013 – 2015 ,
Honda ,Prelude ,V 1996 – 2001 ,
Chery ,CrossEastar (B14) ,2006 – 2014 ,
BMW ,M2 ,F87 Restyling 2018 – now ,
Nissan ,Stagea ,I 1996 – 2001 ,
Aston Martin ,Rapide ,I (S) 2013 – now ,
Mitsubishi ,Galant ,VIII Restyling 1998 – 2006 ,
BMW ,M5 ,IV (E60/E61) 2004 – 2010 ,
Maserati ,Quattroporte ,V 2003 – 2008 ,
Chevrolet ,Silverado ,II (GMT900) 2007 – 2013 ,
Toyota ,Altezza ,1998 – 2005 ,
BMW ,3 series ,IV (E46) Restyling 2001 – 2006 ,
Mazda ,RX-7 ,III (FD) 1992 – 2002 ,
Toyota ,Chaser ,VI (X100) 1996 – 1998 ,
Hyundai ,Galloper ,I 1991 – 1997 ,
Toyota ,Celica ,VII (T230) 1999 – 2002 ,
Toyota ,Land Cruiser ,70 Series Restyling 2007 – now ,
Ford ,Mustang ,V 2004 – 2009 ,
Renault ,Espace ,III 1996 – 2002 ,
GAZ ,22 «Volga» ,1962 – 1970 ,
Chevrolet ,Tahoe ,I 1994 – 1999 ,
Mazda ,3 MPS ,II Restyling 2011 – 2013 ,
Ford ,Bronco-II ,1984 – 1990 ,
Toyota ,Soarer ,III (Z30) 1991 – 1996 ,
Maserati ,Quattroporte ,V Restyling 2008 – 2012 ,
Mazda ,RX-8 ,I 2003 – 2008 ,
Lincoln ,Navigator ,III 2006 – 2014 ,
AMC ,Eagle ,1979 – 1987 ,
Honda ,S2000 ,I (AP1) 1999 – 2003 ,
Subaru ,Impreza WRX ,II Restyling 1 2002 – 2005 ,
Mitsubishi ,Eclipse ,II 1994 – 1999 ,
Toyota ,Chaser ,VI (X100) Restyling 1998 – 2001 ,
Renault ,Talisman ,2015 – now ,
Lexus ,LX ,II 1998 – 2002 ,
Toyota ,Prius v (+) ,I Restyling (ZVW40/41) 2014 – now ,
Lincoln ,Town Car ,II 1989 – 1997 ,
Volkswagen ,Golf R ,VI 2009 – 2013 ,
Mitsubishi ,Minicab ,1999 – 2014 ,
Mercedes-Benz ,190 (W201) ,1982 – 1993 ,
Volkswagen ,Golf GTI ,VI 2008 – 2012 ,
Ford ,Puma ,I 1997 – 2003 ,
Toyota ,Avensis Verso ,I 2001 – 2003 ,
GAZ ,24 «Volga» ,II (2410) 1985 – 1992 ,
Nissan ,NV200 ,2009 – now ,
Porsche ,924,1975 – 1988 ,
Volkswagen ,Transporter ,T3 1979 – 1992 ,
Hummer ,H3 ,2005 – 2010 ,
Ferrari ,GTC4Lusso ,2016 – now ,
Toyota ,Tundra ,II 2007 – 2013 ,
Mitsubishi ,Lancer Evolution ,VI 1999 – 2001 ,
Toyota ,Sequoia ,I 2000 – 2004 ,
Audi ,RS 6 ,II (C6) 2007 – 2012 ,
Nissan ,NP300 ,2008 – 2015 ,
Volkswagen ,EuroVan ,T4 Restyling 1997 – 2003 ,
YAZ ,3151,1985 – 2013 ,
Ford ,Focus ST ,II 2005 – 2008 ,
Mercedes-Benz ,Vito ,II (W639) 2003 – 2010 ,
Mazda ,3 MPS ,I 2006 – 2009 ,
Opel ,Corsa OPC ,D 2007 – 2010 ,
Mercedes-Benz ,S-Class ,II (W126) 1979 – 1985 ,
BMW ,2 series Grand Tourer ,F46 2015 – 2018 ,
Peugeot ,RCZ ,I Restyling 2012 – 2015 ,
Honda ,Civic ,IX Restyling 2013 – 2016 ,
Mitsubishi ,Delica ,IV 1994 – 2007 ,
Volkswagen ,Transporter ,T4 1990 – 2003 ,
Toyota ,Avensis Verso ,I Restyling 2003 – 2009 ,
Mercedes-Benz ,C-Class AMG ,III (W204) Restyling 2011 – 2015 ,
Hummer ,H2 ,I 2002 – 2007 ,
Ford ,Expedition ,II 2002 – 2006 ,
Volkswagen ,Multivan ,T4 1992 – 2003 ,
Mazda ,BT-50 ,I Restyling 2008 – 2011 ,
Toyota ,Aristo ,II 1997 – 2004 ,
Moskvich ,2140,1976 – 1988 ,
Lexus ,IS ,I 1999 – 2005 ,
BMW ,M5 ,II (E34) 1988 – 1995 ,
Toyota ,Prius ,IV (XW50) 2015 – now ,
Saab ,9-3 ,II 2002 – 2008 ,
Chevrolet ,Volt ,II 2015 – 2019 ,
Ford ,Mondeo ,III 2000 – 2003 ,
Chrysler ,Pacifica ,RU 2016 – now ,
Toyota ,Prius ,II Restyling (XW20) 2005 – 2011 ,
Skoda ,Octavia RS ,II 2005 – 2008 ,
SsangYong ,Musso ,I 1993 – 1998 ,
Daimler ,X350 ,2005 – 2009 ,
Subaru ,Impreza WRX STi ,II Restyling 2 2005 – 2007 ,
Subaru ,Tribeca ,I Restyling 2007 – 2014 ,
Dodge ,Journey ,I 2007 – 2011 ,
GAZ ,M-20 «Pobeda» ,1946 – 1958 ,
Cadillac ,XT5 ,I 2016 – 2019 ,
Subaru ,WRX ,I 2014 – 2017 ,
Moskvich ,407,1958 – 1963 ,
BMW ,8 series ,I (E31) 1989 – 1999 ,
Lexus ,GS ,III Restyling 2007 – 2011 ,
Kia ,Quoris ,I Restyling 2014 – 2015 ,
Isuzu ,Axiom ,2002 – 2004 ,
Ford ,Econoline ,III 1975 – 1992 ,
Cadillac ,Seville ,V 1998 – 2004 ,
Mitsubishi ,Lancer Evolution ,VII 2001 – 2003 ,
Chery ,Bonus (A13) ,2011 – 2014 ,
Mercedes-Benz ,S-Class ,II (W126) Restyling 1985 – 1991 ,
Volkswagen ,Multivan ,T6 2015 – now ,
Ford ,Ranger ,III 2011 – 2015 ,
Volkswagen ,Polo ,IV Restyling 2005 – 2009 ,
Mazda ,6 MPS ,2005 – 2008 ,
Kia ,Opirus ,I 2003 – 2007 ,
Chevrolet ,Blazer K5 ,II 1972 – 1991 ,
BMW ,Z4 ,I (E85/E86) Restyling 2005 – 2009 ,
Jeep ,Wrangler ,I (YJ) 1986 – 1996 ,
Mercedes-Benz ,CLK-Class ,II (W209) Restyling 2005 – 2010 ,
Subaru ,Impreza ,II Restyling 2 2005 – 2007 ,
Subaru ,Impreza WRX STi ,III 2007 – 2014 ,
Mazda ,MPV ,II (LW) Restyling 2003 – 2006 ,
Mercedes-Benz ,W123 ,1975 – 1985 ,
Dodge ,Nitro ,2006 – 2011 ,
Chevrolet ,Suburban ,X 2000 – 2006 ,
Fiat ,500,II 2007 – 2015 ,
Mitsubishi ,Pajero Mini ,II 1998 – 2012 ,
Chevrolet ,Impala ,VII 1994 – 1996 ,
Nissan ,Juke Nismo ,I 2013 – 2014 ,
Chrysler ,Town & Country ,IV Restyling 2004 – 2007 ,
Kia ,Ceed GT ,I Restyling 2015 – 2018 ,
Mercedes-Benz ,CLS ,I (C219) 2004 – 2008 ,
Dodge ,Durango ,I 1998 – 2003 ,
Nissan ,Silvia ,VI (S14) 1993 – 1999 ,
Subaru ,Impreza WRX ,II 2000 – 2002 ,
Dodge ,Caliber ,I Restyling 2009 – 2013 ,
BMW ,7 series ,I (E23) 1977 – 1986 ,
Mitsubishi ,Pajero ,II 1991 – 1997 ,
BMW ,7 series ,III (E38) 1994 – 1998 ,
Chrysler ,Town & Country ,V 2007 – 2010 ,
Acura ,RDX ,II 2013 – 2015 ,
Opel ,Astra OPC ,J 2012 – 2015 ,
Jeep ,Cherokee ,II (XJ) 1984 – 1996 ,
Subaru ,Legacy ,V 2009 – 2012 ,
Ferrari ,488,2015 – now ,
Opel ,Insignia OPC ,I 2009 – 2013 ,
Porsche ,911,VIII (992) 2018 – now ,
Volkswagen ,Transporter ,T6 2015 – 2019 ,
ZIL,4104,1978 – 2002 ,
Toyota ,Caldina ,I 1992 – 1995 ,
Mazda ,MX-5 ,III (NC) Restyling 2008 – 2015 ,
Cadillac ,Escalade ,II 2001 – 2006 ,
Skoda ,Superb ,I 2001 – 2006 ,
Toyota ,Land Cruiser ,70 Series 1984 – 2007 ,
Mercedes-Benz ,G-Class ,I (W460, W461) 1979 – 2009 
Subaru ,Outback ,V Restyling 2017 – now ,
Mercedes-Benz ,C-Class ,I (W202) 1993 – 1997 ,
Hyundai ,Starex ,I Restyling 2000 – 2004 ,
Subaru ,Impreza WRX STi ,II Restyling 1 2002 – 2005 ,
Audi ,RS 5 ,I (8T) 2010 – 2015 ,
BMW ,M4 ,F82/F83 Restyling 2017 – now ,
Bentley ,Arnage ,I Restyling 2002 – 2009 ,
Nissan ,Primera ,II (P11) 1995 – 2000 ,
Lincoln ,Navigator ,II 2002 – 2006 ,
Honda ,Vezel ,2013 – now ,
Infiniti ,QX56 ,I 2004 – 2007 ,
BMW ,7 series ,IV (E65/E66) 2001 – 2005 ,
Mercedes-Benz ,R-Class ,I Restyling 2007 – 2010 ,
Mitsubishi ,L200 ,III 1996 – 2006 ,
Audi ,A4 allroad ,IV (B8) 2009 – 2011 ,
Toyota ,Corolla Levin ,VI (AE100/AE101) 1991 – 1995 ,
Nissan ,Patrol ,IV (Y60) 1987 – 1997 ,
Honda ,Civic ,V 1991 – 1997 ,
Chevrolet ,Corvette ,C3 1968 – 1982 ,
ICH,2126 «Oda» ,1990 – 2005 ,
Audi ,S8 ,III (D4) 2012 – 2013 ,
Subaru ,Impreza WRX STi ,I 1994 – 2000 ,
Volvo ,XC70 ,I 2000 – 2004 ,
Nissan ,Skyline ,VIII (R32) 1989 – 1994 ,
Toyota ,Crown ,VIII (S130) 1987 – 1999 ,
Lifan ,Solano ,II 2016 – now ,
Moskvich ,Svyatogor ,1997 – 2002 ,
Audi ,A3 ,II (8P) Restyling 1 2004 – 2008 ,
Volvo ,C70 ,II 2005 – 2009 ,
Honda ,Fit ,III 2013 – now ,
Audi ,A6 ,I (C4) 1994 – 1997 ,
Opel ,Frontera ,B 1998 – 2001 ,
Land Rover ,Discovery ,I 1989 – 1998 ,
Mercedes-Benz ,A-Class ,I (W168) 1997 – 2001 ,
Toyota ,MR2 ,II (W20) 1989 – 2000 ,
Chrysler ,Crossfire ,2003 – 2007 ,
Ford ,Crown Victoria ,I 1992 – 1997 ,
Jaguar ,X-Type ,I Restyling 2008 – 2009 ,
Daihatsu ,Atrai ,IV 1999 – 2005 ,
Hyundai ,H-1 ,I Restyling 2004 – 2007 ,
Opel ,Calibra ,1990 – 1997 ,
Mitsubishi ,Pajero ,II Restyling 1997 – 2004 ,
Hyundai ,i30 ,II Restyling 2015 – 2017 ,
Mercedes-Benz ,CLK-Class ,I (W208) 1997 – 2000 ,
Lincoln ,Town Car ,I 1980 – 1989 ,
Mercedes-Benz ,M-Class ,I (W163) Restyling 2001 – 2005 ,
Mercedes-Benz ,CLS ,I (C219) Restyling 2008 – 2010 ,
Fiat ,Bravo ,II 2007 – 2014 ,
Ford ,Escape ,III 2012 – 2015 ,
Ford ,Mustang ,IV 1993 – 1998 ,
Cadillac ,CTS ,I 2002 – 2007 ,
Toyota ,RAV4 ,I (XA10) 1994 – 2000 ,
BMW ,6 series ,II (E63/E64) Restyling 2007 – 2010 ,
Audi ,TT ,I (8N) 1998 – 2003 ,
Subaru ,Impreza WRX ,II Restyling 2 2005 – 2007 ,
Honda ,Stream ,I Restyling 2003 – 2006 ,
Audi ,A6 allroad ,I (C5) 2000 – 2006 ,
Citroen ,C-Elysee ,I 2012 – 2016 ,
Toyota ,Noah ,I (R60) 2001 – 2007 ,
Mercedes-Benz ,Citan ,2012 – now ,
Toyota ,Grand HiAce ,I 1999 – 2002 ,
Volkswagen ,Golf ,II 1983 – 1992 ,
BMW ,2 series ,F22 Restyling 2017 – now ,
Rover ,75,I 1999 – 2004 ,
BMW ,7 series ,II (E32) 1986 – 1994 ,
Jaguar ,XJ ,II (X308) 1997 – 2003 ,
Rover ,25,1999 – 2005 ,
Chevrolet ,Avalanche ,I 2001 – 2006 ,
Ford ,Ranger ,I 1998 – 2006 ,
ICH,2125 «Kombi» ,1973 – 1997 ,
Toyota ,4Runner ,IV 2002 – 2005 ,
Suzuki ,Vitara ,I 1988 – 2006 ,
Jeep ,Cherokee ,II (XJ) Restyling 1997 – 2001 ,
Mitsubishi ,Airtrek ,2001 – 2008 ,
Toyota ,Land Cruiser ,80 Series Restyling 1995 – 1997 ,
Honda ,Stepwgn ,IV Restyling 2012 – 2015 ,
Toyota ,Caldina ,III 2002 – 2004 ,
Hyundai ,Coupe ,II (GK) Restyling 2006 – 2009 ,
Toyota ,4Runner ,II 1987 – 1995 ,
BMW ,6 series ,II (E63/E64) 2003 – 2007 ,
Mercedes-Benz ,W188 ,1951 – 1958 ,
Toyota ,Crown ,X (S150) 1995 – 2008 ,
Ford ,Model A ,1927 – 1931 ,
Nissan ,Skyline ,IX (R33) 1993 – 1998 ,
Mercedes-Benz ,SLS AMG ,2010 – 2014 ,
Honda ,Legend ,II 1990 – 1996 ,
Subaru ,XV ,I 2011 – 2016 ,
Subaru ,XV ,II 2017 – now ,
Mitsubishi ,Colt ,V (CJ) 1995 – 2003 ,
Toyota ,Land Cruiser ,60 Series 1980 – 1990 ,
Mercedes-Benz ,SL-Class ,IV (R129) 1989 – 1995 ,
BMW ,Z3 ,I 1995 – 2000 ,
Maserati ,Ghibli ,III Restyling 2016 – now ,
Mazda ,323,V (BA) 1994 – 2000 ,
Mercedes-Benz ,A-Class ,II (W169) Restyling 2008 – 2012 ,
Subaru ,Forester ,II 2002 – 2005 ,
Smart ,Roadster ,2002 – 2006 ,
Volkswagen ,Golf GTI ,IV 1998 – 2005 ,
Infiniti ,G ,III 2002 – 2007 ,
Mitsubishi ,Delica ,III 1986 – 1999 ,
Toyota ,Mark II ,IX (X110) 2000 – 2007 ,
Rolls-Royce ,Silver Cloud ,II 1959 – 1962 ,
Volvo ,850,1991 – 1997 ,
Audi ,S4 ,IV (B8) 2008 – 2011 ,
Chrysler ,Sebring ,II Restyling 2003 – 2006 ,
Audi ,A4 ,IV (B8) Restyling 2011 – 2015 ,
Toyota ,Chaser ,V (X90) 1992 – 1994 ,
Audi ,100,III (C3) 1982 – 1988 ,
Subaru ,Legacy ,IV Restyling 2006 – 2009 ,
Mercedes-Benz ,SL-Class ,VI (R231) 2012 – 2016 ,
Honda ,HR-V ,I 1998 – 2001 ,
Volvo ,V50 ,I Restyling 2007 – 2012 ,
Race car ,Formula ,1950 – now ,
Chevrolet ,Camaro ,V Restyling 2013 – 2015 ,
Audi ,S3 ,II (8P) Restyling 2008 – 2012 ,
Moskvich ,412,1967 – 1977 ,
BMW ,M3 ,III (E46) 1999 – 2006 ,
Toyota ,Avensis ,I 1997 – 2000 ,
Ford ,Taurus ,II 1991 – 1995 ,
Scion ,tC ,I 2004 – 2007 ,
Nissan ,Note ,II Restyling 2016 – now ,
Lexus ,LS ,IV Restyling 2 2012 – 2017 ,
Volkswagen ,Sharan ,II 2010 – 2015 ,
SEAT ,Leon ,II 2005 – 2009 ,
Ford ,Scorpio ,I 1985 – 1994 ,
Lexus ,LS ,IV Restyling 2009 – 2012 ,
Jaguar ,S-Type ,I Restyling 2004 – 2008 ,
Volkswagen ,Type 1 ,1938 – 2003 ,
Chrysler ,Sebring ,III 2006 – 2010 ,
